LCSC Part Number,Manufacture Part Number,Manufacturer,Customer NO.,Package,Description,RoHS,Quantity,Unit Price($),Ext.Price($),Estimated lead time (business days),Date Code / Lot No.,Status
C20613188,SIM302-CWB6AH1.35,XYECONN,,SMD,-25℃~+85℃ Push-Pull 1.35mm Connector and Ejector Nano-SIM Card SMD PC Card Sockets ROHS,YES,20,0.1802,3.60,,,-
C134407,BAT54CT-7-F,DIODES,,SOT-523-3,600mA 1 Pair Common Cathode 30V 1V@100mA 200mA SOT-523-3 Single Diodes ROHS,YES,20,0.0448,0.90,,,-
C60105,19-237/R6GHBHC-A01/2T,EVERLIGHT,,"SMD-4P,1.6x1.6mm","SMD-4P,1.6x1.6mm LED Indication - Discrete ROHS",YES,20,0.0682,1.36,,,-
C167766,FNR3015S470MT,cjiang,,"SMD,3x3mm","440mA 47uH Magnetic Shielded Inductor ±20% 430mA 1.625Ω SMD,3x3mm Fixed Inductors ROHS",YES,20,0.0735,1.47,,,-
C315717,WIP201610P-2R2ML,INPAQ,,0806,1.7A 2.2uH ±20% 135mΩ 0806 Fixed Inductors ROHS,YES,40,0.0213,0.85,,,-
C337873,BLM15AX121SN1D,muRata,,0402,130mΩ ±25% 120Ω@100MHz 0402 Ferrite Beads and Chips ROHS,YES,100,0.0076,0.76,,,-
C315720,MIP25203R3MBE,INPAQ,,1008,1.2A 3.3uH ±20% 100mΩ 1008 Fixed Inductors ROHS,YES,20,0.036,0.72,,,-
C389571,LFD182G45DCJD247,muRata,,"SMD-6P,1.6x0.8mm","SMD-6P,1.6x0.8mm RF Multiplexers ROHS",YES,10,0.0831,0.83,,,-
C3001677,DMN3730UFB-7,DIODES,,X1-DFN1006-3,"30V 910mA 730mΩ@1.8V 690mW 950mV@250uA 1 N-Channel X1-DFN1006-3 Single FETs, MOSFETs ROHS",YES,10,0.1346,1.35,,,-
C457657,FSA2466UMX,onsemi,,UFQFN-16(1.8x2.6),"2 2Ω 2:1 UFQFN-16(1.8x2.6) Analog Switches, Multiplexers, Demultiplexers ROHS",YES,10,0.3444,3.44,,,-
C2872421,SN74LVC1G11DRYR,TI,,SON-6(1x1.5),"3.5ns@5V,50pF 1.65V~5.5V 10uA AND Gate SON-6(1x1.5) Gates and Inverters ROHS",YES,10,0.1794,1.79,,,-
C910544,MAX98357AETE+T,MAXIM,,TQFN-16-EP(3x3),2.4mA 3.2W×1@4Ω Class D TQFN-16-EP(3x3) Audio Amplifiers ROHS,YES,10,1.1428,11.43,,,-
C5125911,AW35122FDR,AWINIC(Shanghai Awinic Tech),,FCDFN-4L(1x1),"1 1.5A Active High High Side Switch FCDFN-4L(1x1) Power Distribution Switches, Load Drivers ROHS",YES,20,0.0903,1.81,,,-
C337601,8Z40000017,TXC,,SMD2520-4P,Crystal Oscillator 12pF SMD2520-4P Crystals ROHS,YES,5,0.2059,1.03,,,-
C5213757,HC-FPC-05-09-24RLTAG,HCTL,,"SMD,P=0.5mm,Surface Mount,Right Angle","-55℃~+85℃ Hinged Lid 24P 0.5mm Double-Sided Contacts, Top and Bottom Entry Surface Mount, Right Angle SMD,P=0.5mm,Surface Mount,Right Angle FFC, FPC (Flat Flexible) Connector Assemblies ROHS",YES,20,0.1722,3.44,,,-
C727903,FM-3510RGBA-SG,NATIONSTAR,,"SMD,3.5x1.3mm","SMD,3.5x1.3mm LED Indication - Discrete ROHS",YES,100,0.0351,3.51,,,-
C20611106,GT-USB-7103A,G-Switch,,SMD,"USB 2.0 1 16P -40℃~+85℃ Type-C SMD USB, DVI, HDMI Connector Assemblies ROHS",YES,20,0.7901,15.80,,,-
C82046,MBR0530T1G,onsemi,,SOD-123,5.5A 30V 430mV@500mA 500mA SOD-123 Single Diodes ROHS,YES,20,0.0581,1.16,,,-
C2763970,YXT-BB10-10P-02,YXT,,"SMD,P=0.4mm","0.4mm 2 10P -55℃~+85℃ 500mA Surface Mount,Vertical SMD,P=0.4mm Arrays, Edge Type, Mezzanine (Board to Board) ROHS",YES,50,0.0774,3.87,,,-
C20416432,TCC0603X5R475M100CT,CCTC,,0603,10V 4.7uF X5R ±20% 0603 Ceramic Capacitors ROHS,YES,200,0.0044,0.88,,,-
C6119842,CGA0603X5R106K100JT,HRE,,0603,10V 10uF X5R ±10% 0603 Ceramic Capacitors ROHS,YES,200,0.0045,0.90,,,-
C7503508,CGA0603X5R225K100JT,HRE,,0603,10V 2.2uF X5R ±10% 0603 Ceramic Capacitors ROHS,YES,200,0.0046,0.92,,,-
C7503502,CGA0603X7R222K500JT,HRE,,0603,50V 2.2nF X7R ±10% 0603 Ceramic Capacitors ROHS,YES,200,0.0025,0.50,,,-
C380332,TCC0805X5R106K160FT,CCTC,,0805,16V 10uF X5R ±10% 0805 Ceramic Capacitors ROHS,YES,200,0.0092,1.84,,,-
C22435939,CGA0402X7R104M160GT,HRE,,0402,16V 100nF X7R ±20% 0402 Ceramic Capacitors ROHS,YES,1000,0.0007,0.70,,,-
C22435950,CGA0402X7R102M500GT,HRE,,0402,50V 1nF X7R ±20% 0402 Ceramic Capacitors ROHS,YES,200,0.0009,0.18,,,-
C22399609,CGA0402X5R105M100GT,HRE,,0402,10V 1uF X5R ±20% 0402 Ceramic Capacitors ROHS,YES,200,0.0015,0.30,,,-
C45359895,CGA0402C0G150J500GT,HRE,,0402,50V 15pF C0G ±5% 0402 Ceramic Capacitors ROHS,YES,400,0.0008,0.32,,,-
C5448874,TCC0402COG2R5C500AT,CCTC,,0402,50V 2.5pF C0G 0402 Ceramic Capacitors ROHS,YES,200,0.0009,0.18,,,-
C7393838,TCC0402COG0R5D500AT,CCTC,,0402,50V 0.5pF C0G 0402 Ceramic Capacitors ROHS,YES,200,0.001,0.20,,,-
C20069296,CGA0402C0G1R5C500GT,HRE,,0402,50V 1.5pF C0G 0402 Ceramic Capacitors ROHS,YES,200,0.001,0.20,,,-
C41361095,CGA0402C0G5R6C500GT,HRE,,0402,50V 5.6pF C0G 0402 Ceramic Capacitors ROHS,YES,200,0.0009,0.18,,,-
C7503514,CGA0402X7R221K500GT,HRE,,0402,50V 220pF X7R ±10% 0402 Ceramic Capacitors ROHS,YES,200,0.0009,0.18,,,-
C7503511,CGA0402X7R471K500GT,HRE,,0402,50V 470pF X7R ±10% 0402 Ceramic Capacitors ROHS,YES,200,0.0009,0.18,,,-
C22435944,CGA0402X7R103M500GT,HRE,,0402,50V 10nF X7R ±20% 0402 Ceramic Capacitors ROHS,YES,200,0.0009,0.18,,,-
C7503518,CGA0402X5R224K100GT,HRE,,0402,10V 220nF X5R ±10% 0402 Ceramic Capacitors ROHS,YES,200,0.0016,0.32,,,-
C7503513,CGA0402X7R222K500GT,HRE,,0402,50V 2.2nF X7R ±10% 0402 Ceramic Capacitors ROHS,YES,200,0.0009,0.18,,,-
C7393867,TCC0402X7R223M160AT,CCTC,,0402,16V 22nF X7R ±20% 0402 Ceramic Capacitors ROHS,YES,200,0.0008,0.16,,,-
C138033,RC0402FR-071ML,YAGEO,,0402,62.5mW 1MΩ 50V ±100ppm/℃ Thick Film Resistor ±1% 0402 Chip Resistor - Surface Mount ROHS,YES,200,0.0007,0.14,,,-
C327251,RC0402FR-072R2L,YAGEO,,0402,62.5mW 2.2Ω 50V ±200ppm/℃ Thick Film Resistor ±1% 0402 Chip Resistor - Surface Mount ROHS,YES,200,0.0015,0.30,,,-
C105872,RC0402FR-075K1L,YAGEO,,0402,5.1kΩ 62.5mW 50V ±100ppm/℃ Thick Film Resistor ±1% 0402 Chip Resistor - Surface Mount ROHS,YES,200,0.0007,0.14,,,-
C60491,RC0402FR-07100KL,YAGEO,,0402,100kΩ 62.5mW 50V ±100ppm/℃ Thick Film Resistor ±1% 0402 Chip Resistor - Surface Mount ROHS,YES,1000,0.0005,0.50,,,-
C93943,RC0402FR-0747KL,YAGEO,,0402,62.5mW 47kΩ 50V ±100ppm/℃ Thick Film Resistor ±1% 0402 Chip Resistor - Surface Mount ROHS,YES,200,0.0007,0.14,,,-
C93947,RC0402FR-07150KL,YAGEO,,0402,62.5mW 150kΩ 50V ±100ppm/℃ Thick Film Resistor ±1% 0402 Chip Resistor - Surface Mount ROHS,YES,200,0.0007,0.14,,,-
C60490,RC0402FR-0710KL,YAGEO,,0402,62.5mW 10kΩ 50V ±100ppm/℃ Thick Film Resistor ±1% 0402 Chip Resistor - Surface Mount ROHS,YES,200,0.0006,0.12,,,-
C106235,RC0402FR-071KL,YAGEO,,0402,1kΩ 62.5mW 50V ±100ppm/℃ Thick Film Resistor ±1% 0402 Chip Resistor - Surface Mount ROHS,YES,200,0.0006,0.12,,,-
C114762,RC0402FR-072K2L,YAGEO,,0402,62.5mW 2.2kΩ 50V ±100ppm/℃ Thick Film Resistor ±1% 0402 Chip Resistor - Surface Mount ROHS,YES,200,0.0007,0.14,,,-
C106231,RC0402FR-070RL,YAGEO,,0402,0Ω 62.5mW 50V Thick Film Resistor ±1% 0402 Chip Resistor - Surface Mount ROHS,YES,1000,0.0005,0.50,,,-
